,prio0:category,prio1:latexA,prio2:latexB,prio3:htmlA,prio4:htmlB,prio5:shortA,prio6:shortB,prio7:shortC
₀,sub.0,,,,,sub0,,
₁,sub.1,,,,,sub1,,
₂,sub.2,,,,,sub2,,
₃,sub.3,,,,,sub3,,
₄,sub.4,,,,,sub4,,
₅,sub.5,,,,,sub5,,
₆,sub.6,,,,,sub6,,
₇,sub.7,,,,,sub7,,
₈,sub.8,,,,,sub8,,
₉,sub.9,,,,,sub9,,
₊,sub.plus,,,,,sub+,,
₋,sub.minus,,,,,sub-,,
₌,sub.equal,,,,,sub=,,
₍,sub.bracket_left,,,,,sub(,,
₎,sub.bracket_right,,,,,sub),,
ₐ,sub.a,,,,,suba,,
ₑ,sub.e,,,,,sube,,
ₕ,sub.h,,,,,subh,,
ₖ,sub.k,,,,,subk,,
ₗ,sub.l,,,,,subl,,
ₘ,sub.m,,,,,subm,,
ₙ,sub.n,,,,,subn,,
ₒ,sub.o,,,,,subo,,
ₚ,sub.p,,,,,subp,,
ₛ,sub.s,,,,,subs,,
ₜ,sub.t,,,,,subt,,
ₓ,sub.x,,,,,subx,,
⁰,sup.0,,,,,sup0,,
¹,sup.1,,,&sup1,,sup1,,
²,sup.2,,,&sup2,,sup2,,
³,sup.3,,,&sup3,,sup3,,
⁴,sup.4,,,,,sup4,,
⁵,sup.5,,,,,sup5,,
⁶,sup.6,,,,,sup6,,
⁷,sup.7,,,,,sup7,,
⁸,sup.8,,,,,sup8,,
⁹,sup.9,,,,,sup9,,
⁺,sup.plus,,,,,sup+,,
⁻,sup.minus,,,,,sup-,,
⁼,sup.equal,,,,,sup=,,
⁽,sup.bracket_left,,,,,sup(,,
⁾,sup.bracket_right,,,,,sup),,
ⁿ,sup.n,,,,,supn,,
ⁱ,sup.i,,,,,supi,,
,,,,,,,,
½,frac.1_2,,,&frac12,&half,1/2,,
⅓,frac.1_3,,,&frac13,,1/3,,
⅔,frac.2_3,,,&frac23,,2/3,,
¼,frac.1_4,,,&frac14,,1/4,,
¾,frac.3_4,,,&frac34,,3/4,,
⅕,frac.1_5,,,&frac15,,1/5,,
⅖,frac.2_5,,,&frac25,,2/5,,
⅙,frac.1_6,,,&frac16,,1/6,,
⅚,frac.5_6,,,&frac56,,5/6,,
⅛,frac.1_8,,,&frac18,,1/8,,
⅜,frac.3_8,,,&frac38,,3/8,,
⅝,frac.5_8,,,&frac58,,5/8,,
⅞,frac.7_8,,,&frac78,,7/8,,
,,,,,,,,
α,lang.gr.alpha,\alpha,,&alpha,,alpha,,
β,lang.gr.beta,\beta,,&beta,,beta,,
γ,lang.gr.gamma,\gamma,,&gamma,,gamma,,
δ,lang.gr.delta,\delta,,&delta,,delta,,
ε,lang.gr.epsilon,\epsilon,,&epsilon,&epsiv,epsilon1,epsilon,
ϵ,lang.gr.epsilon_var,\varepsilon,,&straightepsilon ,&epsi,epsilon2,,
ζ,lang.gr.zeta,\zeta,,&zeta,,zeta,,
η,lang.gr.eta,\eta,,&eta,,,eta,
θ,lang.gr.theta,\theta,,&theta,,theta1,theta,
ϑ,lang.gr.theta_var,\vartheta,,&thetasym,,theta2,,
ι,lang.gr.iota,\iota,,&iota,&thetav,iota,,
κ,lang.gr.kappa,\kappa,,&kappa,,kappa,,
ϰ,lang.gr.kappa_var,,,&kappav,&varkappa,,,
λ,lang.gr.lamda,\lambda,,&lambda,,lamda,lambda,
μ,lang.gr.mu,\mu,,&mu,&micro,mu,,
ν,lang.gr.nu,\nu,,&nu,,nu,,
ξ,lang.gr.xi,\xi,,&xi,,xi,,
ο,lang.gr.omicron,\omicron,,&omicron,,omicron,,
π,lang.gr.pi,\pi,,&pi,,pi,,
ϖ,lang.gr.pi_var,,,&piv,&varpi,,,
ρ,lang.gr.rho,\rho,,&rho,,rho,,
ϱ,lang.gr.rho_var,,,&rhov,&varrho,,,
σ,lang.gr.sigma,\sigma,,&sigma,,sigma1,sigma,
ς,lang.gr.sigma_var,\varsigma,,&sigmaf,&sigmav,sigma2,,
τ,lang.gr.tau,\tau,,&tau,,tau,,
υ,lang.gr.upsilon,\upsilon,,&upsilon,&upsi,upsilon,upsi,
φ,lang.gr.phi,\phi,,&phi,,phi,,
ϕ,lang.gr.phi_straight,,,&straightphi,,,,
χ,lang.gr.chi,\chi,,&chi,,chi,,
ψ,lang.gr.psi,\psi,,&psi,,psi,,
ω,lang.gr.omega,\omega,,&omega,,omega,,
Α,lang.gr.Alpha,,,&Alpha,,Alpha,,
Β,lang.gr.Beta,,,&Beta,,Beta,,
Γ,lang.gr.Gamma,\Gamma,,&Gamma,,Gamma,,
Δ,lang.gr.Delta,\Delta,,&Delta,,Delta,,
Ε,lang.gr.Epsilon,,,&Epsilon,,Epsilon,,
Ζ,lang.gr.Zeta,,,&Zeta,,Zeta,,
Η,lang.gr.Eta,,,&Eta,,Eta,,
Θ,lang.gr.Theta,\Theta,,&Theta,,Theta,,
Ι,lang.gr.Iota,,,&Iota,,Iota,,
Κ,lang.gr.Kappa,,,&Kappa,,Kappa,,
Λ,lang.gr.Lamda,\Lambda,,&Lambda,,Lamda,Lambda,
Μ,lang.gr.Mu,,,&Mu,,Mu,,
Ν,lang.gr.Nu,,,&Nu,,Nu,,
Ξ,lang.gr.Xi,\Xi,,&Xi,,Xi,,
Ο,lang.gr.Omicron,,,&Omicron,,Omicron,,
Π,lang.gr.Pi,\Pi,,&Pi,,Pi,,
Ρ,lang.gr.Rho,,,&Rho,,Rho,,
Σ,lang.gr.Sigma,\Sigma,,&Sigma,,Sigma,,
Τ,lang.gr.Tau,,,&Tau,,Tau,,
Υ,lang.gr.Upsilon,\Upsilon,,&Upsilon,,Upsilon,,
Φ,lang.gr.Phi,\Phi,,&Phi,,Phi,,
Χ,lang.gr.Chi,,,&Chi,,Chi,,
Ψ,lang.gr.Psi,\Psi,,&Psi,,Psi,,
Ω,lang.gr.Omega,\Omega,,&Omega,,Omega,,
,,,,,,,,
ä,lang.de.ae,,,&auml,,,ae,
ö,lang.de.oe,,,&ouml,,,oe,
ü,lang.de.ue,,,&uuml,,,ue,
ß,lang.de.ss,,,&szlig,,,ss,
Ä,lang.de.Ae,,,&Auml,,,Ae,
Ö,lang.de.Oe,,,&Ouml,,,Oe,
Ü,lang.de.Ue,,,&Uuml,,,Ue,
ẞ,lang.de.Ss,,,,,,Ss,
,,,,,,,,
⏯,menu.playpause,,,,,,,
⏸,menu.pause,,,,,,,
⏹,menu.stop,,,,,,,
⏺,menu.record,,,,,,,
⏴,menu.left,,,,,,,
⏵,menu.right,,,,,,,
⏶,menu.up,,,,,,,
⏷,menu.down,,,,,,,
⏩,menu.right2,,,,,,,
⏪,menu.left2,,,,,,,
⏫,menu.up2,,,,,,,
⏬,menu.down2,,,,,,,
⏏,menu.eject,,,,,,,
␣,menu.space,\mathvisiblespace,,,,,,
⏎,menu.return,\varcarriagereturn,,,,,,
⌕,menu.search,,,,,,,
⌗,menu.viewdata_square,,,,,,,
⌘,menu.cmd,,,,,,,
⌫,menu.erase_left,,,,,,,
⌦,menu.erase_right,,,,,,,
⌨,menu.keyboard,,,,,,,
⎌,menu.undo,,,,,,,
⎗,menu.sym.page_previous,,,,,,,
⎘,menu.sym.page_next,,,,,,,
⎙,menu.sym.screen_print,,,,,,,
⎙,menu.sym.screen_clear,,,,,,,
⏰,menu.clock.clock,,,,,,,
⌚,menu.clock.watch,,,,,,,
⏱,menu.clock.stopwatch,,,,,,,
⏲,menu.clock.timer,,,,,,,
⌛,menu.clock.hourglass,,,,,,,
⏳,menu.clock.hourglass2,,,,,,,
☎,office.phone_black,,,,,,,
☏,office.phone_white,,,,,,,
✆,office.phone_symbol,,,,,,,
✄,office.scissors,,,,,,,
✂,office.scissors_cut,,,,,,,
✁,office.scissors_cut_bot,,,,,,,
✃,office.scissors_cut_top,,,,,,,
⎍,electric.monostable,,,,,,,
⎎,electric.hysteresis,,,,,,,
⎏,electric.output.open_high,,,,,,,
⎐,electric.output.open_low,,,,,,,
⎑,electric.output.passive_pulldown,,,,,,,
⎒,electric.output.passive_pullup,,,,,,,
⎓,electric.dc,,,,,,,
⏦,electric.ac,\accurrent,,,,,,
⏛,electric.fuse,,,,,,,
⏚,electric.gnd,,,,,,,
⏧,electric.gnd_star,\elinters,,,,,,
⍾,electric.bell,,,,,,,
⎄,sym.combosition,,,,,,,
↊,special.flip_2,,,,,,,
↋,special.flip_3,,,,,,,
,,,,,,,,
 ,space.regular,,,,,,,
 ,space.regular_nobreak,\ ,,&NonBreakingSpace,&nbsp,,,
 ,space.en,\enspace,,,&ensp,,,
 ,space.em,\quad,,,&emsp,,,
 ,space.three_per_em,,,,&emsp13,,,
 ,space.four_per_em,,,,&emsp14,,,
 ,space.six_per_em,,,,,&emsp16,,
 ,space.figure,,,,&numsp,,,
,space.punctuation,,,,&puncsp,,,
 ,space.thin,\thinspace,"\,",&ThinSpace,&thinsp,,,
,space.hair,,,&VeryThinSpace,&hairsp,,,
 ,space.thin_nobreak,,,,,,,
 ,space.math_medium,,,&MediumSpace,,&emsp418,,
　,space.ideographic,,,,,,,
​,space.zerowidth,,,&ZeroWidthSpace,,&zwsp,,
‌,space.zerowidth_nonjoiner,,,,&zwnj,,,
‍,space.zerowidth_joiner,,,,&zwj,,,
⁠,space.zerowidth_wordjoiner,,,&NoBreak,,&zwwj,,
,,,,,,,,
¤,sym.currency.general,,,&curren,,,,
¢,sym.currency.cent,,,&cent,,,,
£,sym.currency.pound,\mathsterling,\pounds,&pound,,,,
€,sym.currency.euro,,\euro,&euro,,,,
$,sym.currency.dollar,\mathdollar,,,,,,
¥,sym.currency.yen,\mathyen,,&yen,,,,
₿,sym.currency.bitcoin,,,,,,,
₹,sym.currency.rupee,,,,,,,
₤,sym.currency.lira,,,,,,,
₱,sym.currency.peso,,,,,,,
₽,sym.currency.ruble,,,,,,,
₺,sym.currency.lira_turkish,,,,,,,
₩,sym.currency.won,,,,,,,
,,,,,,,,
©,sym.copyright,\copyright,,&copy,&COPY,,(C),
℗,sym.copyright_sound,,,&copysr,,,(P),
®,sym.registered,\textregistered,,&reg,&REG,,(R),
™,sym.trademark,,,&trade,,TM,,
℠,sym.service,,,,,,,
№,sym.number,,,&numero,,No,,
¶,sym.pilcrow,\mathparagraph,\P,&para,,P,,
⁋,sym.pilcrow_reverse,,,,,,,
§,sym.section,\mathsection,\S,&sect,,,,
�,sym.replacement,,,,,,,
￼,sym.object,,,,,,,
·,sym.dot_middle,\cdotp,,&CenterDot,&middot,,,
ª,sym.ordinal_female,,,&ordf,,,,
º,sym.ordinal_male,,,&ordm,,,,
°,sym.degree,,,&deg,,,,
†,sym.dagger,\dag,,&dagger,,dag1,dag,
‡,sym.dagger_double,\ddag,,&ddagger,&Dagger,dag2,,
✓,sym.checkmark,\checkmark,,,,marky,,
✔,sym.checkmark_bold,,,,,Marky,,
✗,sym.crossmark,,,,,markn,,
✘,sym.crossmark_bold,,,,,Markn,,
☐,sym.box_empty,,,,,box,[ ],
☑,sym.box_check,,,,,boxy,[y],
☒,sym.box_cross,,,,,boxn,[n],
¡,sym.excalation_inv,,,&iexcl,,,!inv,
¿,sym.question_inv,,,,,,?inv,
‽,sym.interrobang,,,,,,?!,
‐,sym.dash,\mathhyphen,,&dash,&hyphen,,,
–,sym.dash_en,,,&ndash,,,,
—,sym.dash_em,,,&mdash,,,,
―,sym.bar_horizontal,\horizbar,,&horbar,,,,
|,sym.bar_vertical,\vert,,,,,,
‖,sym.bar_vertical_double,\Vert,,&Verbar,&vert,,,
⦀,sym.bar_vertical_tripple,\Vvert,,,,,,
­,sym.dash_soft,\-,,&shy,,,,
‘,sym.quotesingle.left,,,&lsquo,,,,
’,sym.quotesingle.right,,,&rsquo,&rsquor,,,
‚,sym.quotesingle.low,,,&sbquo,&lsquor,,,
“,sym.quotedouble.left,,,&ldquo,,,,
”,sym.quotedouble.right,,,&rdquo,&rdquor,,,
„,sym.quotedouble.low,,,&bdquo,&ldquor,,,
",",sym.comma,\mathcomma,,,,,,
:,sym.colon,\mathcolon,,,,,,
;,sym.semicolon,\mathsemicolon,,,,,,
⁏,sym.semicolon_rev,,,,&bsemi,,,
⁃,sym.bullet_hyphen,\hyphenbullet,,,&hybull,,,
¨,sym.double_dot,,,&DoubleDot,&uml,,,
¯,sym.macr,,,&OverBar,&macr,,,
‾,sym.oline,,,,&oline,,,
´,sym.acute,,,&DiacriticalAcute,&acute,,,
‥,sym.ellipsis2,,,,&nldr,,..,
…,sym.ellipsis3,,,&hellip,&mldr,,...,
‸,sym.caret,\caretinsert,,,&caret,caret,,
※,sym.reference_mark,,,,,refmark,,
•,sym.bullet_round,\smblkcircle,,&bullet,&bull,,,
‣,sym.bullet_triangle,,,,,,,
‰,sym.per_mile,,,&permil,,,%%,
‱,sym.per_ten_thousend,,,&perenk,,,%%%,
′,sym.prime1,\prime,,&prime,,,',
″,sym.prime2,\dprime,,&Prime,,,'',
‴,sym.prime3,\trprime,,&tprime,,,''',
⁗,sym.prime4,\qprime,,&qprime,,,'''',
‵,sym.prime1r,\backprime,,&backprime,&bprime,,'r,
‶,sym.prime2r,\backdprime,,,,,''r,
‷,sym.prime3r,\backtrprime,,,,,'''r,
☼,sym.weather.sun,\sun,,,,,,
☁,sym.weather.raincloud,,,,,,,
☂,sym.weather.umbrella,,,,,,,
❆,sym.weather.snowflake_a,,,,,,,
❅,sym.weather.snowflake_b,,,,,,,
☃,sym.weather.snowman,,,,,,,
ϟ,sym.weather.lightning,,,,,,,
☽,sym.moon_right,\rightmoon,,,,,,
☾,sym.moon_left,\leftmoon,,,,,,
☄,sym.comet,,,,,,,
★,sym.star_black,\bigstar,,,,starb,,
☆,sym.star_white,\bigwhitestar,,,,starw,,
⛤,sym.star_pentagram,,,,,pent,,
♂,sym.male,\male,,,,male,,
♀,sym.female,\female,,,,female,,
⚥,sym.male_female,\Hermaphrodite,,,,,,
⚲,sym.neuter,\neuter,,,,,,
☚,sym.pointinghand_black_left,,,,,,,
☜,sym.pointinghand_white_left,,,,,,,
☛,sym.pointinghand_black_right,,,,,handb,,
☞,sym.pointinghand_white_right,,,,,handw,,
☝,sym.pointinghand_white_up,,,,,,,
☟,sym.pointinghand_white_down,,,,,,,
○,sym.circle.white,\mdlgwhtcircle,,,,,,
■,sym.square_black,\blacksquare,,,,,,
□,sym.square_white,\square,,,,,,
◀,sym.triangle_left_black,\blacktriangleleft,,,,,,
◁,sym.triangle_left_white,\vartriangleleft,,,,,,
▲,sym.triangle_up_black,\blacktriangle,,,,,,
△,sym.triangle_up_white,\vartriangle,,,,,,
▶,sym.triangle_right_black,\blacktriangleright,,,,,,
▷,sym.triangle_right_white,\vartriangleright,,,,,,
▼,sym.triangle_down_black,\blacktriangledown,,,,,,
▽,sym.triangle_down_white,\triangledown,,,,,,
⧫,sym.diamond_black,\blacklozenge,,,,,,
◊,sym.diamond_white,\lozenge,,&loz,,,,
⧗,sym.hourglass_black,\blackhourglass,,,,,,
⧖,sym.hourglass_white,\hourglass,,,,,,
♠,sym.card.spades_black,\spadesuit,,&spades,,,,
♤,sym.card.spades_white,\varspadesuit,,,,,,
♣,sym.card.clubs_black,\clubsuit,,&clubs,,,,
♧,sym.card.clubs_white,\varclubsuit,,,,,,
♥,sym.card.hearts_black,\varheartsuit,,&hearts,,,,
♡,sym.card.hearts_white,\heartsuit,,,,,,
♦,sym.card.diams_black,\vardiamondsuit,,&diams,,,,
♢,sym.card.diams_white,\diamondsuit,,,,,,
♩,sym.music.note_quater,\quarternote,,,,,,
♪,sym.music.note_eighth,\eighthnote,,,,,,
♫,sym.music.note_eighth_double,\twonotes,,,,,,
♭,sym.music.flat,\flat,,,,,,
♮,sym.music.natural,\natural,,,,,,
♯,sym.music.sharp,\sharp,,,,,,
⚀,sym.dice.one,\dicei,,,,,[1],
⚁,sym.dice.two,\diceii,,,,,[2],
⚂,sym.dice.three,\diceiii,,,,,[3],
⚃,sym.dice.four,\diceiv,,,,,[4],
⚄,sym.dice.five,\dicev,,,,,[5],
⚅,sym.dice.six,\dicevi,,,,,[6],
,,,,,,,,
☠,sym.warn.poison,,,,,,,
☢,sym.warn.radioactive,,,,,,,
☣,sym.warn.biohazard,,,,,,,
⚠,sym.warn.warning,,,,,,,
⚡,sym.warn.high_voltage,,,,,,,
,,,,,,,,
←,sym.arrow.normal.left,\leftarrow,,&leftarrow,&larr,->l,<-,
↑,sym.arrow.normal.up,\uparrow,,&uparrow,&uarr,->u,,
→,sym.arrow.normal.right,\rightarrow,,&rightarrow,&rarr,->r,->,
↓,sym.arrow.normal.down,\downarrow,,&downarrow,&darr,->d,,
↖,sym.arrow.normal.upleft,\nwarrow,,&nwarrpw,&nwarr,->ul,,
↗,sym.arrow.normal.upright,\nearrow,,&nearrow,&nearr,->ur,,
↘,sym.arrow.normal.downright,\searrow,,&searrow,&searr,->dr,,
↙,sym.arrow.normal.downleft,\swarrow,,&swarr,&swarr,->dl,,
↔,sym.arrow.normal.leftright,\leftrightarrow,,&leftrightarrow,&harr,<->lr,<->,
↕,sym.arrow.normal.updown,\updownarrow,,&updownarrow,&varr,<->ud,,
⬰,sym.arrow.normal.left_circle,\circleonleftarrow,,,,,,
⇴,sym.arrow.normal.right_circle,\circleonrightarrow,,,,,,
⬲,sym.arrow.normal.left_circleplus,\leftarrowonoplus,,,,,,
⟴,sym.arrow.normal.right_circleplus,\rightarrowonoplus,,,,,,
⥈,sym.arrow.normal.left_right_circle,\leftrightarrowcircle,,,,,,
⬾,sym.arrow.normal.left_x,\leftarrowx,,,,,,
⥇,sym.arrow.normal.right_x,\rightarrowx,,,,,,
↚,sym.arrow.normal.left_not,\nleftarrow,\not\leftarrow,&nleftarrow,&nlarr,!->l,!<-,
↛,sym.arrow.normal.right_not,\nrightarrow,\not\rightarrow,&nrightarrow,&nrarr,!->r,!->,
↮,sym.arrow.normal.leftright_not,\nleftrightarrow,\not\leftrightarrow,&nleftrightarrow,&nharrow,!<->lr,!<->,
⇽,sym.arrow.openhead.left,\leftarrowtriangle,,,&loarr,,,
⇾,sym.arrow.openhead.right,\rightarrowtriangle,,,&roarr,,,
⇿,sym.arrow.openhead.leftright,\leftrightarrowtriangle,,,&hoarr,,,
⇐,sym.arrow.double.left,\Leftarrow,,&Leftarrow,&lArr,=>l,<=,
⇑,sym.arrow.double.up,\Uparrow,,&Uparrow,&uArr,=>u,,
⇒,sym.arrow.double.right,\Rightarrow,,&Rightarrow,&rArr,=>r,=>,
⇓,sym.arrow.double.down,\Downarrow,,&Downarrow,&dArr,=>d,,
⇖,sym.arrow.double.upleft,\Nwarrow,,,&nwArr,=>ul,,
⇗,sym.arrow.double.upright,\Nearrow,,,&neArr,=>ur,,
⇘,sym.arrow.double.downright,\Searrow,,,&seArr,=>dr,,
⇙,sym.arrow.double.downleft,\Swarrow,,,&swArr,=>dl,,
⇔,sym.arrow.double.leftright,\Leftrightarrow,,&Leftrightarrow,&hArr,<=>lr,<=>,
⇕,sym.arrow.double.updown,\Updownarrow,,&Updownarrow,&vArr,<=>ud,,
⇍,sym.arrow.double.left_not,\nLeftarrow,\not\Leftarrow,&nLeftArrow,&nlArr,!=>l,!<=,
⇏,sym.arrow.double.right_not,\nRightarrow,\not\Rightarrow,&nRightArrow,&nrArr,!=>r,!=>,
⇎,sym.arrow.double.leftright_not,\nLeftrightarrow,\not\Leftrightarrow,&nLeftrightarrow,&nhArr,!<=>lr,!<=>,
⇚,sym.arrow.tripple.left,\Lleftarrow,,&Lleftarrow,&lAarr,,,
⤊,sym.arrow.tripple.up,\Uuparrow,,,,,,
⇛,sym.arrow.tripple.right,\Rrightarrow,,&Rrightarrow,&rAarr,,,
⤋,sym.arrow.tripple.down,\Ddownarrow,,,,,,
⭅,sym.arrow.quadruple.left,\LLeftarrow,,,,,,
⟰,sym.arrow.quadruple.up,\UUparrow,,,,,,
⭆,sym.arrow.quadruple.right,\RRightarrow,,,,,,
⟱,sym.arrow.quadruple.down,\DDownarrow,,,,,,
⇦,sym.arrow.white.left,\leftwhitearrow,,,,,,
⇧,sym.arrow.white.up,\upwhitearrow,,,,,,
⇨,sym.arrow.white.right,\rightwhitearrow,,,,,,
⇩,sym.arrow.white.down,\downwhitearrow,,,,,,
⇪,sym.arrow.white.up_bar,\whitearrowupfrombar,,,,,,
↞,sym.arrow.doublehead.left,\twoheadleftarrow,,&twoheadleftarrow,&Larr,->>l,<<-,
↟,sym.arrow.doublehead.up,\twoheaduparrow,,,&Uarr,->>u,,
↠,sym.arrow.doublehead.right,\twoheadrightarrow,,&twoheadrightarrow,&Rarr,->>r,->>,
↡,sym.arrow.doublehead.down,\twoheaddownarrow,,,&Darr,->>d,,
↢,sym.arrow.tail.left,\leftarrowtail,,&leftarrowtail,&larrtl,,<-<,
↣,sym.arrow.tail.right,\rightarrowtail,,&rightarrowtail,&rarrtl,,>->,
⤙,sym.arrow.tail_only.left,\lefttail,,,,,,
⤚,sym.arrow.tail_only.right,\righttail,,,,,,
⤛,sym.arrow.tail_onlydouble.left,\leftdbltail,,,,,,
⤜,sym.arrow.tail_onlydouble.right,\rightdbltail,,,,,,
↤,sym.arrow.tailbar.left,\mapsfrom,\leftmapsto,&LeftTeeArrow,&maptstoleft,|->l,<-|,
↥,sym.arrow.tailbar.up,\mapsup,,&UpTeeArrow,&mapstotop,|->u,,
↦,sym.arrow.tailbar.right,\mapsto,,&RightTeeArrow,&mapstoright,|->r,|->,
↧,sym.arrow.tailbar.down,mapsdo,,&DownTeeArrow,&mapstodown,|->d,,
↨,sym.arrow.bottombar.updown,\updownarrowbar,,,,|<->ud,,
⇤,sym.arrow.headbar.left,\barleftarrow,,&LeftArrowBar,&larrb,->|l,|<-,
⤒,sym.arrow.headbar.up,\baruparrow,,,,->|u,,
⇥,sym.arrow.headbar.right,\rightarrowbar,,&RightArrowBar,&rarrb,->|r,->|,
⤓,sym.arrow.headbar.down,\downarrowbar,,,,->|d,,
⤆,sym.arrow.doubletailbar.left,\Mapsfrom,,,,|=>l,<=|,
⤇,sym.arrow.doubletailbar.right,\Mapsto,,,,|=>r,|=>,
↰,sym.arrow.angle.upleft,\Lsh,,&Lsh,&lsh,,,
↱,sym.arrow.angle.upright,\Rsh,,&Rsh,&rsh,,,
↲,sym.arrow.angle.downleft,\Ldsh,,,&ldsh,,,
↳,sym.arrow.angle.downright,\Rdsh,,,&rdsh,,,
↵,sym.arrow.carriage_return,\linefeed,,,&crarr,,,
↴,sym.arrow.line_feed,\carriagereturn,,,,,,
↩,sym.arrow.hook.left,\hookleftarrow,,&hookleftarrow,&larrhk,,,
↪,sym.arrow.hook.right,\hookrightarrow,,&hookrightarrow,&rarrhk,,,
↫,sym.arrow.loop.left,\looparrowleft,,&looparrowleft,&larrlp,,,
↬,sym.arrow.loop.right,\looparrowlright,,&looparrowright,&rarrlp,,,
↯,sym.arrow.normal.zigzag,\downzigzagarrow,,,,err,,
↶,sym.arrow.semicircle.anticlockwise,\curvearrowleft,,&curvearrowleft,&cularr,,,
↷,sym.arrow.semicircle.clockwise,\curvearrowright,,&curvearrowright,&curarr,,,
⤿,sym.arrow.corner.anticlockwise,\ccwundercurvearrow,,,,,,
⤾,sym.arrow.corner.clockwise,\cwundercurvearrow,,,,,,
↺,sym.arrow.rotation.anticlockwise,\circlearrowleft,,&circlearrowleft,&olarr,,,
↻,sym.arrow.rotation.clockwise,\circlearrowright,,&circlearrowright,&orarr,,,
⟲,sym.arrow.circlegap.anticlockwise,\acwgapcirclearrow,\rcirclearrowleft,,,,,
⟳,sym.arrow.circlegap.clockwise,\cwgapcirclearrow,\lcirclearrowright,,,,,
⥀,sym.arrow.circle.anticlockwise,\acwcirclearrow,,,,,,
⥁,sym.arrow.circle.clockwise,\cwcirclearrow,,,,,,
↼,sym.arrow.harpoon.left_r,\leftharpoonup,,&leftharpoonup,&lharu,,,
↽,sym.arrow.harpoon.left_l,\leftharpoondown,,&leftharpoondown,&lhard,,,
↾,sym.arrow.harpoon.up_r,\upharpoonright,,&upharpoonright,&uharr,,,
↿,sym.arrow.harpoon.up_l,\upharpoonleft,,&upharpoonleft,&uharl,,,
⇁,sym.arrow.harpoon.right_r,\rightharpoondown,,&rightharpoondown,&rhard,,,
⇀,sym.arrow.harpoon.right_l,\rightharpoonup,,&rightharpoonup,&rharu,,,
⇃,sym.arrow.harpoon.down_r,\downharpoonleft,,&downharpoonleft,&dharl,,,
⇂,sym.arrow.harpoon.down_l,\downharpoonright,,&downharpoonright,&dharr,,,
⇄,sym.arrow.dual.right_left,\rightleftarrows,,&rightleftarrows,&rlarr,,,
⇅,sym.arrow.dual.up_down,\updownarrows,,,&udarr,,,
⇆,sym.arrow.dual.left_right,\leftrightarrows,,&leftrightarrows,&lrarr,,,
⇵,sym.arrow.dual.down_up,\downuparrows,,,&duarr,,,
⇇,sym.arrow.dual.left_left,\leftleftarrows,,&leftleftarrows,&llarr,,,
⇈,sym.arrow.dual.up_up,\upuparrows,,&upuparrows,&uuarr,,,
⇉,sym.arrow.dual.right_right,\rightrightarrows,,&rightrightarrows,&rrarr,,,
⇊,sym.arrow.dual.down_down,\downdownarrows,,&downdownarrows,&ddarr,,,
↹,sym.arrow.dual.left_right_bar,\barleftarrowrightarrowbar,,,,,,
⇋,sym.arrow.dualharpoon.left_right,\leftrightharpoons,,&leftrightharpoons,&lrhar,,,
⇌,sym.arrow.dualharpoon.right_left,\rightleftharpoons,,&rightleftharpoons,&rlhar,,,
↜,sym.arrow.wave.left,\leftwavearrow,,,,~>l,,
↝,sym.arrow.wave.right,\rightwavearrow,\leadsto,,&rarrw,~>r,~>,
⇜,sym.arrow.wiggle.left,\leftsquigarrow,,,,~~>l,,
⇝,sym.arrow.wiggle.right,\rightsquigarrow,,,&zigrarr,~~>r,~~>,
↭,sym.arrow.wiggle.leftright,\leftrightsquigarrow,,,&harrw,<~>lr,<~>,
⇠,sym.arrow.dashed.left,\dashedleftarrow,,,,,,
⇡,sym.arrow.dashed.up,\updasharrow,,,,,,
⇢,sym.arrow.dashed.right,\dashedrightarrow,,,,,,
⇣,sym.arrow.dashed.down,\downdasharrow,,,,,,
⤌,sym.arrow.dashed_double.left,\leftbkarrow,,,,,,
⤍,sym.arrow.dashed_double.right,\rightbkarrow,,,,,,
⤎,sym.arrow.dashed_tripple.left,\leftdbkarrow,,,,,,
⤏,sym.arrow.dashed_tripple.right,\dbkarrow,,,,,,
,,,,,,,,
⟵,sym.arrow.long.left,\longleftarrow,,,,-->l,<--,
⟶,sym.arrow.long.right,\longrightarrow,,,,-->r,-->,
⟷,sym.arrow.long.leftright,\longleftrightarrow,,,,<-->lr,<-->,
⟻,sym.arrow.long.left_tailbar,\longmapsfrom,,,,|-->l,<--|,
⟼,sym.arrow.long.right_tailbar,\longmapsto,,,,|-->r,|-->,
⟸,sym.arrow.longdouble.left,\Longleftarrow,,,,==>l,<==,
⟹,sym.arrow.longdouble.right,\Longrightarrow,,,,==>r,==>,
⟺,sym.arrow.longdouble.leftright,\Longleftrightarrow,,,,<==>lr,<==>,
⟽,sym.arrow.longdouble.left_tailbar,\Longmapsfrom,,,,|==>l,<==|,
⟾,sym.arrow.longdouble.right_tailbar,\Longmapsto,,,,|==>r,|==>,
⬳,sym.arrow.longwiggle.left,\longleftsquigarrow,,,,~~~>l,,
⟿,sym.arrow.longwiggle.right,\longrightsquigarrow,,,,~~~>r,~~~>,
,,,,,,,,
‹,sym.fence.quotation_angle_right,,,&lsaqou,,,,
›,sym.fence.quotation_angle_right,,,&rsaquo,,,,
«,sym.fence.quotation_doubleangle_right,,,&laqou,,,,
»,sym.fence.quotation_doubleangle_right,,,&raquo,,,,
〈,sym.fence.bracketpoint_left,\langle,,&lang,,,,
〉,sym.fence.bracketpoint_right,\rangle,,&rang,,,,
⦑,sym.fence.bracketpoint_dot_left,\langledot,,,,,,
⦒,sym.fence.bracketpoint_dot_right,\rangledot,,,,,,
⟪,sym.fence.bracketpoint_double_left,\lAngle,,,,,,
⟫,sym.fence.bracketpoint_double_right,\rAngle,,,,,,
⌈,sym.fence.ceiling_left,\lceil,,&lceil,,,,
⌉,sym.fence.ceiling_right,\rceil,,&rceil,,,,
⌊,sym.fence.floor_left,\lfloor,,&lfloor,,,,
⌋,sym.fence.floor_right,\rfloor,,&rfloor,,,,
⦗,sym.fence.tortoise_left,\lblkbrbrak,,,,,,
⦘,sym.fence.tortoise_right,\rblkbrbrak,,,,,,
⧼,sym.fence.bracketpoint_curved_left,\lcurvyangle,,,,,,
⧽,sym.fence.bracketpoint_curved_right,\rcurvyangle,,,,,,
¦,sym.fence.bar_broken,,,&brvbar,,,,
┆,sym.fence.bar_broken_tripple,\bdtriplevdash,,,,,,
⌇,sym.fence.line_wavy,,,,,,,
⦙,sym.fence.dotted,\fourvdots,,,,,,
⦚,sym.fence.zigzag,\vzigzag,,,,,,
⧘,sym.fence.wiggly_left,\lvzigzag,,,,,,
⧙,sym.fence.wiggly_right,\rvzigzag,,,,,,
⧚,sym.fence.wigglydouble_left,\Lvzigzag,,,,,,
⧛,sym.fence.wigglydouble_right,\Rvzigzag,,,,,,
,,,,,,,,
∀,math.set.for_all,\forall,,&forall,,,,
∃,math.set.there_exists,\exists,,&exist,,,,
∄,math.set.there_exists_not,\nexists,\not\exists,&nexist,,,,
∅,math.set.empty,\varnothing,,&varnothing,,,,
∖,math.set.minus,\setminus,,&setminus,&setmn,,,
∈,math.set.element_of,\in,,&in,,,,
∉,math.set.element_of_not,\notin,\not\in,&notin,,,,
∊,math.set.element_of_small,\smallin,,,,,,
∋,math.set.contains,\ni,,&ni,,,,
∌,math.set.contains_not,\nni,\not\ni,&notni,,,,
∍,math.set.contains_small,\smallni,,,,,,
⊂,math.set.subset,\subset,,&sub,,,,
⊄,math.set.subset_not,\nsubset,\not\subset,&nsub,,,,
⊆,math.set.subset_equal,\subseteq,,&sube,,,,
⊈,math.set.subset_equal_not,\nsubseteq,\not\subseteq,,,,,
⊊,math.set.subset_not_equal,\subsetneq,\varsubsetneq,,,,,
⫅,math.set.subset_over_equal,\subseteqq,,,,,,
⫋,math.set.subset_over_not_equal,\subsetneqq,,,,,,
⋐,math.set.subset_double,\Subset,,,,,,
⊃,math.set.supset,\supset,,&sup,,,,
⊅,math.set.supset_not,\nsupset,\not\supset,&nsup,,,,
⊇,math.set.supset_equal,\supseteq,,&supe,,,,
⊉,math.set.supset_equal_not,\nsupseteq,\not\supseteq,,,,,
⊋,math.set.supset_not_equal,\supsetneq,\varsupsetneq,,,,,
⫆,math.set.supset_over_equal,\supseteqq,,,,,,
⫌,math.set.supset_over_not_equal,\supsetneqq,,,,,,
⋑,math.set.supset_double,\Supset,,,,,,
∩,math.set.intersection,\cap,,&cap,,,,
⋒,math.set.intersection_double,\Cap,,,,,,
∪,math.set.union,\cup,,&cup,,,,
⋓,math.set.union_double,\Cup,,,,,,
,,,,,,,,
¬,math.logic.neg,\neg,,&not,,neg,,
⌐,math.logic.neg_flip,\invnot,,,,,,
⌙,math.logic.neg_turn,\turnednot,,,,,,
∧,math.logic.and,\wedge,\land,&wedge,&and,and,,
⟑,math.logic.and_dot,\wedgedot,,,,,,
⋏,math.logic.and_curved,\curlywedge,,,,,,
⊼,math.logic.nand,\barwedge,,,,nand,,
⩟,,\wedgebar,,,,,,
⩞,,\doublebarwedge,,,,,,
⩠,,\wedgedoublebar,,,,,,
∨,math.logic.or,\vee,\lor,&vee,&or,or,,
⟇,math.logic.or_dot,\veedot,,,,,,
⋎,math.logic.or_curved,\curlyvee,,,,,,
⊽,math.logic.nor,\barvee,,,,nor,,
⊻,math.logic.xor,\veebar,,,,xor,,
⩢,,\doublebarvee,,,,,,
⩣,,\veedoublebar,,,,,,
,,,,,,,,
∣,math.gemometric.divides,\mid,,&mid,&smid,,,|
∤,math.gemometric.divides_not,\nmid,\not\mid,&nmid,&nsmid,,,!|
∥,math.geometric.parallel,\parallel,,&parallel,&spar,,,||
∦,math.geometric.parallel_not,\nparallel,\not\parralel,&nparallel,&nspar,,,!||
⋕,math.geometric.parallel_equal,\equalparallel,,,,,,||=
⊿,math.geometric.triangle,\varlrtriangle,,,,,,
⌀,sym.diameter,\diameter,,,,dia,o/,
∠,math.geometric.angle,\angle,,&angle,&ang,ang,,
∡,math.geometric.angle_measured,\measuredangle,,&measuredangle,&angmsd,angm,,
∢,math.geometric.angle_spherical,\sphericalangle,,,&angsph,angs,,
∟,math.geometric.angle_right,\rightangle,,&angrt,,angr,,
⊾,math.geometric.angle_rightarc,\measuredrightangle,,,,,,
⦝,math.geometric.angle_rightarc_dot,\rightanglemdot,,,,,,
⦜,math.geometric.angle_rightarc_square,\rightanglesqr,,,,,,
⟂,math.geometric.perpendicular,\perp,,&prep,,perp,,
⊤,math.geometric.top,\top,,,,,,
⊥,math.geometric.bot,\bot,,,,,,
 ,,,,,,,,
+,math.op.plus,\mathplus,,,,plus,,
∔,math.op.plus_dot,\dotplus,,&dotplus,&plusdo,plusdot,,+.
⧾,math.op.plus_tiny,\tplus,,,,tiny,,
−,math.op.minus,\minus,,&minus,,minus,,-
∸,math.op.minus_dot,\dotminus,,&dotminus,&minusd,minusdot,,-.
⧿,math.op.minus_miny,\tminus,,,,miny,,
±,math.op.plusminus,\pm,,&pm,&plusmn,pm,,+-
∓,math.op.minusplus,\mp,,&mp,&mnplus,mp,,-+
⋅,math.op.dot,\centerdot,,&sdot,,mult,,*
∙,math.op.bullet,\cdot,\vysmblkcircle,,,bullet,dot,
∗,math.op.asterisk,\ast,,,&lowast,ast,,**
⋆,math.op.star,\star,,,,star,,***
×,math.op.times,\times,,&times,,times,,x
⋋,math.op.semidirect_left,\leftthreetimes,,,,,,
⋌,math.op.semidirect_right,\rightthreetimes,,,,,,
⋉,math.op.semidirect_normal_left,\ltimes,,,,,,|x
⋊,math.op.semidirect_normal_right,\rtimes,,,,,,x|
⋈,math.op.bowtie,\bowtie,,,,bowtie,,|x|
⁄,math.op.frac,\fracslash,,&frasl,,frac,,/
∕,math.op.division_slash,\divslash,,,,slash,,//
÷,math.op.division,\div,,&divide,,div,,/:
⋇,math.op.division_times,\divideontimes,,,,,,/:x
∘,math.op.ring,\circ,\vysmwhtcircle,&SmallCircle,&compfn,ring,,o
√,math.op.root_square,\sqrt,\sqrt{2},&Sqrt,&radic,sqrt2,sqrt,
∛,math.op.root_cube,\cuberoot,\sqrt{3},,,sqrt3,,
∜,math.op.root_fourth,\fourthroot,\sqrt{4},,,sqrt4,,
,,,,,,,,
⊕,math.op.circle.plus,\oplus,,&oplus,,,(+),
⊖,math.op.circle.minus,\ominus,,,,,(-),
⊗,math.op.circle.times,\otimes,,&otimes,,,(x),
⊘,math.op.circle.division_slash,\oslash,,,,,(/),
⊙,math.op.circle.dot,\odot,,,,,(*),
⊚,math.op.circle.ring,\circledcirc,,,,,(o),
⊛,math.op.circle.asterik,\circledast,,,,,(**),
⊝,math.op.circle.dash,\circleddash,,,,,(--),
⊜,math.op.circle.equals,\circledequal,,,,,(=),
⧀,math.op.circle.less,\olessthan,,,,,(<),
⧁,math.op.circle.greater,\ogreaterthan,,,,,(>),
⦸,math.op.circle.slash_back,\obslash,,,,,(\),
⦶,math.op.circle.linev,\circledvert,,,,,(|),
⦷,math.op.circle.linev_double,\circledparallel,,,,,(||),
⦹,math.op.circle.perpendicular,\operp,,,,,(perp),
⌽,math.op.circle.linev_long,\obar,,,,,(_ud),
⦵,math.op.circle.lineh,\circlehbar,,,,,(_lr),
⊞,math.op.box.plus,\boxplus,,,,,[+],
⊟,math.op.box.minus,\boxminus,,,,,[-],
⊠,math.op.box.times,\boxtimes,,,,,[x],
⊡,math.op.box.dot,\boxdot,,,,,[*],
⧄,math.op.box.backslash,\boxdiag,,,,,[/],
⧅,math.op.box.slash,\boxbslash,,,,,[\],
⧆,math.op.box.asterik,\boxast,,,,,[**],
⧇,math.op.box.circle,\boxcircle,,,,,[o],
⧈,math.op.box.box,\boxbox,,,,,[[]],
⟤,math.op.box.tick_left,\whitesquaretickleft,,,,,-[],
⟥,math.op.box.tick_right,\whitesquaretickright,,,,,[]-,
⧉,math.op.box_on_box,\boxonbox,,,,,[][],
,,,,,,,,
∴,math.sym.therfore,\therefore,,&therefore,&Therefore,,,
∵,math.sym.because,\because,,&because,&Because,,,
∶,math.sym.ratio,\mathratio,,&ratio,,,,
∷,math.sym.proportion,\Colon,,&Colon,&Proportion,,,
∹,math.sym.excess,\dashcolon,,,,,,
∺ ,math.sym.proportion_geometric,\dotsminusdots,,&mDDot,,,,
∻,math.sym.homothetic,\kernelcontraction,,&homtht,,,,
⊹,math.sym.hermitmatrix,\hermitmatrix,,,,,,
⋔,math.sym.pitchfork,\pitchfork,,,,,,
∎,math.sym.end_of_proof,\QED,,,,qed,,
∞,math.sym.infinity,\infty,,&infin,,inf,,
⧜,math.sym.infinity_incomplete,\iinfin,,,,,,
⧝,math.sym.infinity_tie,\tieinfty,,,,,,
⧞,math.sym.infinity_neg,\nvinfty,,,,,,
϶,math.sym.epsilon_back,\backepsilon,,,,,,
ℎ,math.sym.planck,\Planckconst,,,,,,
ℏ,math.sym.planck_bar,\hbar,\hslash,,,,,
Ω,math.sym.ohm,\mupOmega,,&ohm,,ohm,Ohm,
℧,math.sym.ohm_inv,\mho,,&mho,,mho,,
Å,math.sym.angstrom,\Angstrom,,&angst,,,,
Ɛ,math.sym.euler,\Eulerconst,,,,,,
Ⅎ,math.sym.finv,\Finv,,,,,,
⅁,math.sym.game,\Game,,,,,,
⅄,math.sym.yup,\Yup,,,,,,
ℼ,math.sym.pi_double,\Bbbpi,,,,,,
⅊,math.sym.property_line,\PropertyLine,,,,,,
℃,math.sym.degree_celsius,,,,,°F,,
℉,math.sym.degree_farenheit,,,,,°C,,
ℓ,math.sym.script.letter_l,\ell,,,&ell,,,
ℊ,math.sym.script.letter_g,\mscrg,,,&gscr,,,
ℜ,math.sym.real,\Re,,&real,&Re,Re,,
ℑ,math.sym.imaginary,\Im,,&image,&Im,Im,,
ℕ,math.sym.double_N,\mathbb{N},,&naturals,&Nopf,NN,,
ℤ,math.sym.double_Z,\mathbb{Z},,&integers,&Zopf,ZZ,,
ℚ,math.sym.double_Q,\mathbb{Q},,&rationals,&Qopf,QQ,,
ℝ,math.sym.double_R,\mathbb{R},,&reals,&Ropf,RR,,
ℂ,math.sym.double_C,\mathbb{C},,&complexes,&Copf,CC,,
ℙ,math.sym.double_P,\mathbb{P},,&primes,&Popf,PP,,
ℵ,math.sym.alef,\aleph,,&alefsym,&aleph,,,
,,,,,,,,
∁,math.arith.complement,\complement,,&complement,&comp,,,
∂,math.arith.partial_differential,\partial,,&PartialD,&part,part,,
∆,math.arith.increment,\increment,,,,,,
∇,math.arith.nabla,\nabla,,&Del,&nabla,,,
∫,math.arith.integral,\int,,&int,,int1,int,
∬,math.arith.integral_double,\iint,,&iint,,int2,,
∭,math.arith.integral_tripple,\iiint,,&iiint,,int3,,
⨌,math.arith.integral_quadruple,\iiiint,,,,int4,,
∮,math.arith.integral_contour,\oint,,&oint,&conint,into1,into,
∯,math.arith.integral_surface,\oiint,,,&Conint,into2,,
∰,math.arith.integral_volume,\oiiint,,,&Ccoint,into3,,
∱,math.arith.integral_clockwise,\intclockwise,,,&cwint,,,
⨑,math.arith.integral_anticlockwise,\awint,,,,,,
∲,math.arith.integral_contour_clockwise,\varointclockwise,,,&cwconint,,,
∳,math.arith.integral_contour_anticlock,\ointctrclockwise,,,&awconint,,,
∏,math.arith.nary.product,\prod,,&Product,&prod,prod,,
∐,math.arith.nary.coproduct,\coprod,,&Coproduct,&coprod,coprod,,
∑,math.arith.nary.sum,\sum,,&Sum,&sum,sum,,
,,,,,,,,
≬,math.relation.between,\between,,,,,,()
∝,math.relation.proportional,\propto,\varpropto,&propto,&prop,prop,,
=,math.relation.equal,\equal,,,,,,
≐,math.relation.equal_approches,\doteq,,,,,,=*
≑,math.relation.equal_geometric,\doteqdot,,,,,,
≒,math.relation.equal_or_image,\fallingdotseq,,,,,,
≓,math.relation.image_or_equal,\risingdotseq,,,,,,
≔,math.relation.colon_equals,\coloneq,,,,,,:=
≕,math.relation.equals_colon,\eqcolo,,,,,,=:
≞,math.relation.equals_measured,\measeq,,,,,,=m
≝,math.relation.equals_definition,\eqdef,,,,,,=def
≟,math.relation.equals_question,\questeq,,,,,,=?
≖,math.relation.equals_circle_in,\eqcirc,,,,,,
≗,math.relation.equals_circle_over,\circeq,,,,,,=°
≘,math.relation.equal_arc,\arceq,,,,,,
≙,math.relation.equal_wedge,\wedgeq,,,,,,=^^
≚,math.relation.equal_vee,\veeeq,,,,,,=v
≛,math.relation.equal_star,\stareq,,,,,,=***
≜,math.relation.equals_triangle_over,\triangleq,,,,,,
≍,math.relation.equivalent,\asymp,,&asympeq,&CupCap,,,
≭,math.relation.equivalent_not,\nasymp,\not\asymp,,,,,
≎,math.relation.equivalent_geometric,\Bumpeq,,&bump,&Bumpeq,,,
≏,math.relation.difference_between,\bumbeq,,&bumpe,&Humpeq,,,
≠,math.relation.equal_not,\neq,\not=,&ne,,,,!=
≡,math.relation.identical,\equiv,,&equiv,,,,=_
≢,math.relation.identical_not,\nequiv,\not\equiv,,,,,!=_
≣,math.relation.strictly_equivalent,\Equiv,,,,,,=__
∼,math.relation.tilde,\sim,\thicksim,&sim,&thicksim,,,
≁,math.relation.tilde_not,\nsim,\not\sim,,,,,!~
∽,math.relation.tilde_back,\backsim,,&backsim,&bsim,,,~f
∾,math.relation.lazys_inverted,\invlazys,,&mstpos,&ac,,,
∿,math.relation.sine,\sinewave,,,&acd,sine,,
≀,math.relation.tilde_vertical,\wr,,&wreath,&wr,,,
≈,math.relation.almost_equal,\aprox,\thickapprox,&approx,&thickapprox,,,~~
≉,math.relation.almost_equal_not,\napprox,\not\aprox,&napprox,&nap,,,!~~
≋,math.relation.tripple_tilde,\approxident,,,&apid,,,~~~
≂,math.relation.equal_tilde,\eqsim,,&eqsim,&esim,,,_~
≃,math.relation.equal_asymtotical,\simeq,,&simeq,&sime,,,~_
≄,math.relation.equal_asymtotical_not,\nsimeq,\not\simeq,&nsimeq,&nsime,,,!~_
≅,math.relation.aprox_equal,\cong,,&cong,,,,~__
≌,math.relation.aprox_equal_back,\backcong,,&backcong,&bcong,,,~__f
≆,math.relation.aprox_not_equal,\simneqq,,&simne,,,,~!__
≇,math.relation.aprox_equal_not,\ncong,\not\cong,&ncong,,,,!~__
≊,math.relation.equal_or_almost_equal,\approxeq,,&approxeq,&ape,,,~~_
<,math.relation.less,\less,,,,,,
⋖,math.relation.less_dot,\lessdot,,,,,,<.
≮,math.relation.less_not,\nless,,,,,,!<
≪,math.relation.less_much,\ll,,,,,,<<
⋘,math.relation.less_very,\lll,,,,,,<<<
≤,math.relation.less_or_equal,\leq,,&le,,,,<_
≰,math.relation.less_or_equal_not,\nleq,\not\leq,,,,,!<_
≲,math.relation.less_or_equivalent,\lesssim,,,,,,<~
⋦,math.relation.less_or_not_equivalent,\lnsim,,,,,,<!~
≴,math.relation.less_or_equivalent_not,\nlesssim,\not\lesssim,,,,,!<~
≦,math.relation.less_over_equal,\leqq,,,,,,<__
≨,math.relation.less_not_equal,\lneqq,,,,,,<!__
⪅,math.relation.less_over_aprox,\lessapprox,,,,,,<~~
⪉,math.relation.less_over_not_aprox,\gnapprox,,,,,,<!~~
>,math.relation.greater,\greater,,,,,,
⋗,math.relation.greater_dot,\gtrdot,,,,,,>.
≯,math.relation.greater_not,\ngtr,,,,,,!>
≫,math.relation.greater_much,\gg,,,,,,>>
⋙,math.relation.greater_very,\ggg,,,,,,>>>
≥,math.relation.greater_or_equal,\geq,,&ge,,,,>_
≱,math.relation.greater_or_equal_not,\ngeq,,,,,,!>_
≳,math.relation.greater_or_equivalent,\gtrsim,,,,,,>~
⋧,math.relation.greater_or_not_equivalent,\gnsim,,,,,,>!~
≵,math.relation.greater_or_equivalent_not,\ngtrsim,\not\gtrsim,,,,,!>~
≧,math.relation.greater_over_equal,\geqq,,,,,,>__
≩,math.relation.greater_not_equal,\gneqq,,,,,,>!__
⪆,math.relation.greater_over_aprox,\gtrapprox,,,,,,>~~
⪊,math.relation.greater_over_not_aprox,\gnapprox,,,,,,>!~~
≶,math.relation.less_or_greater,\lessgtr,,,,,,<>
≸,math.relation.less_or_greater_not,\nlessgtr,\not\lessgtr,,,,,!<>
≷,math.relation.greater_or_less,\gtrless,,,,,,><
≹,math.relation.greater_or_less_not,\ngtrless,\not\gtrless,,,,,!><
⋚,math.relation.less_equal_or_greater,\lesseqgtr,,,,,,<_>
⋛,math.relation.greater_equal_or_less,\gtreqless,,,,,,>_<
⪋,math.relation.less_equal_greater,\lesseqqgtr,,,,,,<__>
⪌,math.relation.greater_equal_less,\gtreqqless,,,,,,>__<
≺,math.relation.precedes,\prec,,,,,,{
⊀,math.relation.precedes_not,\nprec,\not\prec,,,,,!{
≼,math.relation.precedes_or_equal,\preceq,,,,,,{_
≾,math.relation.precedes_or_equivalent,\precsim,,,,,,{~
⋨,math.relation.precedes_or_not_equivalent,\precnsim,,,,,,{!~
⪵,math.relation.precedes_not_equal,\precneqq,,,,,,{!__
⪷,math.relation.precedes_or_aprox,\precapprox,,,,,,{~~
⪹,math.relation.precedes_or_not_aprox,\precnapprox,,,,,,{!~~
≻,math.relation.succeeds,\succ,,,,,,}
⊁,math.relation.succeeds_not,\nsucc,\not\succ,,,,,!}
≽,math.relation.succeeds_or_equal,\succeq,,,,,,}_
≿,math.relation.succeeds_or_equivalent,\succsim,,,,,,}~
⋩,math.relation.succeeds_or_not_equivalent,\succnsim,,,,,,}!~
⪶,math.relation.succeeds_not_equal,\succneqq,,,,,,}!__
⪸,math.relation.succeeds_or_aprox,\succapprox,,,,,,}~~
⪺,math.relation.succeeds_or_not_aprox,\succnapprox,,,,,,}!~~
⊷,math.relation.image_of,\imageof,,,,,,
⊶,math.relation.original_of,\origof,,,,,,
⊸,math.relation.multimap_right,\multimap,,,,,,
⟜,math.relation.multimap_left,\multimapinv,,,,,,
⧟,math.relation.dual,\dualmap,,,,,,
,,,,,,,,
,WARNING: combining chars are invisible in editor!,,,,,,,
͏,comb.joiner,,,,,&cgj,,
,,,,,,,,
̇,comb.above.dot1,\dot,,,,&a.,,
̈,comb.above.dot2,\ddot,,,,&a..,,
⃛,comb.above.dot3,\dddot,,&TripleDot,&tdot,&a...,,
⃜,comb.above.dot4,\ddddot,,&DotDot,,&a....,,
͘,comb.above.dot_right,,,,,&a.r,,
̓,comb.above.comma,\ocommatoprigh,,,,"&a,",,
̕,comb.above.comma_right,,,,,"&a,r",,
̒,comb.above.comma_turn,\oturnedcomma,,,,"&a,t",,
̔,comb.above.comma_flip,,,,,"&a,f",,
,,,,,,,,
̂,comb.above.circumflex,\hat,,,,&a^^,,
̃,comb.above.tilde,\tilde,,,,&a~,,
͊,comb.above.tilde_not,,,,,&a!~,,
͌,comb.above.almost_equal,,,,,&a~~,,
͋,comb.above.homothetic,,,,,&a~:,,
̾,comb.above.tilde_vert,,,,,&a~',,
̄,comb.above.macron,\bar,,,,&a-,,
̅,comb.above.lineh,,,,,&a_,,
̿,comb.avobe.lineh_double,,,,,&a__,,
̍,comb.above.linev,,,,,&a',,
̎,comb.above.linev_double,,,,,&a'',,
́,comb.above.acute,\acute,,,,&a´´,,
᷁,comb.above.acute_dotted,,,,,&a´´:,,
́,comb.above.acute_tone,,,,,&a´´t,,
̋,comb.above.acute_double,,,,,&a´´´´,,
᷉,comb.above.acute-grave_acute,,,,,&a´´``´´,,
᷇,comb.above.acute_macron,,,,,&a´´-,,
᷄,comb.above.macron_acute,,,,,&a-´´,,
̀,comb.above.grave,\grave,,,,&a``,,
᷀,comb.above.grave_dotted,,,,,&a``:,,
̀,comb.above.grave_tone,,,,,&a``t,,
̏,comb.above.grave_double,,,,,&a````,,
᷈,comb.above.grave_acute_grave,,,,,&a``´´``,,
᷅,comb.above.grave_macron,,,,,&a``-,,
᷆,comb.above.macron_grave,,,,,&a-``,,
̆,comb.above.breve,\breve,,,,&au,,
̐,comb.above.candrabindu,\candra,,,,&au.,,
̑,comb.above.breve_inv,,,,,&an,,
͒,comb.above.fermata,,,,,&an.,,
̌,comb.above.caron,\check,,,,&av,,
̊,comb.above.ring,\mathring,,,,&a°,,
͑,comb.above.ringhalf_left,,,,,&a°l,,
͗,comb.above.ringhalf_right,,,,,&a°r,,
̉,comb.above.hook,\ovhook,,,,&a?,,
̛,comb.above.horn,,,,,,,
᷃,comb.above.suspension,,,,,,,
͛,comb.above.zigzag,,,,,&az,,
̽,comb.above.times,,,,,&ax,,
ͣ,comb.above.letter_a,,,,,&a-a,,
ͤ,comb.above.letter_e,,,,,&a-e,,
ͥ,comb.above.letter_i,,,,,&a-i,,
ͦ,comb.above.letter_o,,,,,&a-o,,
ͧ,comb.above.letter_u,,,,,&a-u,,
ͨ,comb.above.letter_c,,,,,&a-c,,
ͩ,comb.above.letter_d,,,,,&a-d,,
ͪ,comb.above.letter_h,,,,,&a-h,,
ͫ,comb.above.letter_m,,,,,&a-m,,
ͬ,comb.above.letter_r,,,,,&a-r,,
ͭ,comb.above.letter_t,,,,,&a-t,,
ͮ,comb.above.letter_v,,,,,&v-t,,
ͯ,comb.above.letter_x,,,,,&a-x,,
,,,,,,,,
⃖,comb.above.arrow_left,,,,,&a<-,,
⃗,comb.above.arrow_right,\vec,,,,&a->,,
⃡,comb.above.arrow_leftright,,,,,&a<->,,
᷾,comb.above.arrowhead_left,,,,,&a<,,
͐,comb.above.arrowhead_right,,,,,&a>,,
⃐,comb.above.harpoon_left,\leftharpoonaccent,,,,,,
⃑,comb.above.harpoon_right,\rightharpoonaccent,,,,,,
⃔,comb.above.arrow_anticlockwise,,,,,,,
⃕,comb.above.arrow_clockwise,,,,,,,
͆,comb.above.bridge,,,,,,,
⃩,comb.above.bridge_wide,\widebridgeabove,,,,,,
⃰,comb.above.asteriks,\asteraccent,,,,&a*,,
̚,comb.above.angle_left,\droang,,,,,,
⃧,comb.above.annuity,\annuity,,,,,,
,,,,,,,,
̖,comb.below.grave,,,,,&b``,,
̗,comb.below.accute,,,,,&b´´,,
̣,comb.below.dot1,,,,,&b.,,
̤,comb.below.dot2,,,,,&b..,,
⃨,comb.below.dot3,\threeunderdot,,,,&b...,,
̦,comb.below.comma,,,,,"&b,",,
⃬,comb.below.harpoon_right,,,,,,,
⃭,comb.below.harpoon_left,,,,,,,
⃮,comb.below.arrow_left,,,,,&b->l,&b<-,
⃯,comb.below.arrow_right,,,,,&b->r,&b->,
͍,comb.below.arrow_leftright,,,,,&b<->,,
,comb.below.arrow_up,,,,,&b->u,,
͔,comb.below.arrowhead_left,,,,,&b<,,
͕,comb.below.arrowhead_right,,,,,&b>,,
͖,comb.below.arrowhead_right_up,,,,,&b>^^,,
᷿,comb.below.arrowhead_right_down,,,,,&b>v,,
⃭,comb.below.harpoon_left,,,,,,,
⃬,comb.below.harpoon_right,,,,,,,
̟,comb.below.plus,,,,,&b+,,
̠,comb.below.minus,,,,,,,
͇,comb.below.equal,,,,,&b=,,
̥,comb.below.ring,,,,,&b°,,
̜,comb.below.ringhalf_left,,,,,&b°l,,
̹,comb.below.ringhalf_right,,,,,&b°r,,
̬,comb.below.caron,,,,,&bv,,
̭,comb.below.circumflex,,,,,&b^^,,
̮,comb.below.breve,,,,,&bu,,
̯,comb.below.breve_inv,,,,,&bn,,
̰,comb.below.tilde,,,,,&b~,,
̱,comb.below.macron,,,,,&b-,,
̲,comb.below.lineh,,,,,&b_,,
̳,comb.below.lineh_double,,,,,&b__,,
̩,comb.below.linev,,,,,&b',,
͈,comb.below.linev_double,,,,,&b'',,
̪,comb.below.bridge,,,,,,,
̺,comb.below.bridge_inv,,,,,,,
͙,comb.below.asteriks,,,,,&b*,,
̻,comb.below.square,,,,,,,
͉,comb.below.angle_left,,,,,,,
̧,comb.below.cedilla,,,,,,,
̨,comb.below.ogonek,,,,,,,
̡,comb.below.hook_palatalized,,,,,,,
̢,comb.below.hook_retroflex,,,,,,,
᷂,comb.below.snake,,,,,,,
̘,comb.below.tack_left,,,,,&b+l,,
̙,comb.below.tack_right,,,,,&b+r,,
̝,comb.below.tack_up,,,,,&b+u,,
̞,comb.below.tack_down,,,,,&b+d,,
͚,comb.below.infinity,,,,,&binf,,
̼,comb.below.segull,,,,,&bm,,
̫,comb.below.arch_double,,,,,&bw,,
͓,comb.below.times,,,,,&bx,,
᷊,comb.below.letter_r,,,,,&b-r,,
,,,,,,,,
͝,comb.doubleabove.breve,,,,,&&au,,
͞,comb.doubleabove.macron,,,,,&&a-,,
͡,comb.doubleabove.breve_inv,,,,,&&an,,
͜,comb.doublebelow.breve,,,,,&&bu,,
͟,comb.doublebelow.macron,,,,,&&b-,,
͠,comb.doublebelow.tilde,,,,,&&b~,,
͢,comb.doublebelow.arrow_right,,,,,&&b->,,
,,,,,,,,
̴,comb.over.tilde,,,,,&o~,,
̵,comb.over.lineh_short,,,,,&o-,,
̶,comb.over.lineh_long,,,,,&o_,,
⃓,comb.over.linev_short,,,,,&o',,
⃒,comb.over.linev_long,\vertoverlay,,,,&o|,,
⃦,comb.over.linev_long_double,,,,,&o||,,
̷,comb.over.slash_short,,,,,&o/s,,
̸,comb.over.slash,,,,,&o/,,
⃫,comb.over.slash_double,,,,,&o//,,
⃥,comb.over.backslash,,,,,&o\,,
⃪,comb.over.arrow_left,,,,,&o<-,,
⃘,comb.over.circle,,,,,&oo,,
⃙,comb.over.circle_clockwise,,,,,,,
⃚,comb.over.circle_anticlockwise,,,,,,,
,,,,,,,,
⃝,comb.enclose.circle,,,,,&ec,,
⃞,comb.enclose.square,,,,,&es,,
⃟,comb.enclose.diamond,,,,,&ed,,
⃠,comb.enclose.circle_backslash,,,,,&eb,,
⃢,comb.enclose.screen,,,,,&ey,,
⃣,comb.enclose.key,,,,,&ek,,
⃤,comb.enclose.triangle_up,,,,,&et,,
,KEEP THIS LINE EMPTY / INVALID,,,,,,,
,,,,,,,,
